tag,place,user
"""been""","San Francisco, CA, USA",Recyclecology
"""been""","San Antonio, TX, USA",Recyclecology
"""been""","Les-Pennes-Mirabeau, France",Recyclecology
"""been""","Colon, Panama",Recyclecology
"""been""","Nablus, Palestinian Territories",Recyclecology
"""been""","Shanghai, China",Recyclecology
"""been""","Ho Chi Minh City, Vietnam",Recyclecology
"""been""","Hanoi, Vietnam",Recyclecology
"""been""","Saint-Clement-de-Riviere, France",Recyclecology
"""been""","Hue, Vietnam",Recyclecology
"""been""","Monte-Carlo, Monaco",Recyclecology
"""been""","Hong Kong, China",Recyclecology
"""been""","Da Lat, Vietnam",Recyclecology
"""been""","Columbus, OH, USA",Recyclecology
"""been""","Nha Trang, Vietnam",Recyclecology
"""been""","Venice, Italy",Recyclecology
"""been""","Iasi, Romania",Recyclecology
"""been""","Mexico City, Mexico",Recyclecology
"""been""","Niagara Falls, NY, USA",Recyclecology
"""been""","Mui Ne, Vietnam",Recyclecology
"""been""","Madrid, Spain",Recyclecology
"""been""","Bucharest, Romania",Recyclecology
"""been""","Chisinau, Moldova",Recyclecology
"""been""","Nice, France",Recyclecology
"""been""","Mostar, Bosnia and Herzegovina",Recyclecology
"""been""","Beijing, China",Recyclecology
"""been""","La Romana, Dominican Republic",Recyclecology
"""been""","Taipei, Taiwan",Recyclecology
"""been""","Bangkok, Thailand",Recyclecology
"""been""","Windsor, Ontario, Canada",Recyclecology
"""been""","Pittsburgh, PA, USA",Recyclecology
"""been""","Dubrovnik, Croatia",Recyclecology
"""been""","Tulum, Mexico",Recyclecology
"""been""","Amsterdam, The Netherlands",Recyclecology
"""been""","Da Nang, Vietnam",Recyclecology
"""been""","San Pedro Sula, Honduras",Recyclecology
"""been""","Santo Domingo, Dominican Republic",Recyclecology
"""been""","Santa Cruz, Bolivia",Recyclecology
"""been""","Montevideo, Uruguay",Recyclecology
"""been""","London, UK",Recyclecology
"""been""","Tegucigalpa, Honduras",Recyclecology
"""been""","Alexandria, LA, USA",Recyclecology
"""been""","Paris, France",Recyclecology
"""been""","Izmir, Turkey",Recyclecology
"""been""","La Ceiba, Honduras",Recyclecology
"""been""","San Juan, Puerto Rico",Recyclecology
"""been""","Belize City, Belize",Recyclecology
"""been""","Guayaquil, Ecuador",Recyclecology
"""been""","Cleveland, OH, USA",Recyclecology
"""been""","Dublin, Ireland",Recyclecology
"""been""","Lima, Peru",Recyclecology
"""been""","Ocala, FL, USA",Recyclecology
"""been""","Quebec City, Quebec, Canada",Recyclecology
"""been""","Troy, IL, USA",Recyclecology
"""been""","Orlando, FL, USA",Recyclecology
"""been""","Chaguaramas, Trinidad and Tobago",Recyclecology
"""been""","Boston, MA, USA",Recyclecology
"""been""","Barcelona, Spain",Recyclecology
"""been""","Jerusalem, Israel",Recyclecology
"""been""","Ocho Rios, Jamaica",Recyclecology
"""been""","Detroit, MI, USA",Recyclecology
"""been""","Leon, Nicaragua",Recyclecology
"""been""","Havana, Cuba",Recyclecology
"""been""","Cuenca, Ecuador",Recyclecology
"""been""","Niagara Falls, Ontario, Canada",Recyclecology
"""been""","Guatemala City, Guatemala",Recyclecology
"""been""","Santiago, Chile",Recyclecology
"""been""","Caracas, Venezuela",Recyclecology
"""been""","Seattle, WA, USA",Recyclecology
"""been""","Seaside, FL, USA",Recyclecology
"""been""","New Delhi, India",Recyclecology
"""been""","Port-au-Prince, Haiti",Recyclecology
"""been""","Naoussa, Greece",Recyclecology
"""been""","Tokyo, Japan",Recyclecology
"""been""","Istanbul, Turkey",Recyclecology
"""been""","Cebu City, Philippines",Recyclecology
"""been""","Ann Arbor, MI, USA",Recyclecology
"""been""","Singapore, Singapore",Recyclecology
"""been""","Rio de Janeiro, Brazil",Recyclecology
"""been""","Ramstein-Miesenbach, Germany",Recyclecology
"""been""","Yemassee, SC, USA",Recyclecology
"""been""","Niceville, FL, USA",Recyclecology
"""been""","Fajardo, Puerto Rico",Recyclecology
"""been""","Maracaibo, Venezuela",Recyclecology
"""been""","Montpellier, France",Recyclecology
"""been""","Rome, Italy",Recyclecology
"""been""","Indianapolis, IN, USA",Recyclecology
"""been""","Abilene, TX, USA",Recyclecology
"""been""","Santa Rosa Beach, FL, USA",Recyclecology
"""been""","Incheon, South Korea",Recyclecology
"""been""","Kuala Lumpur, Malaysia",Recyclecology
"""been""","Makati, Philippines",Recyclecology
"""been""","Reno, NV, USA",Recyclecology
"""been""","Omaha, NE, USA",Recyclecology
"""been""","Playa Mujeres, Mexico",Recyclecology
"""been""","Rochester, NY, USA",Recyclecology
"""been""","Manila, Philippines",Recyclecology
"""been""","Minneapolis, MN, USA",Recyclecology
"""been""","New York City, NY, USA",Recyclecology
"""been""","Milwaukee, WI, USA",Recyclecology
"""been""","Scottsdale, AZ, USA",Recyclecology
"""been""","Baltimore, MD, USA",Recyclecology
"""been""","Chapel Hill, NC, USA",Recyclecology
"""been""","Macau, China",Recyclecology
"""been""","Ramallah, Palestinian Territories",Recyclecology
"""been""","Juvignac, France",Recyclecology
"""been""","Portland, OR, USA",Recyclecology
"""been""","Eastland, TX, USA",Recyclecology
"""been""","Melaka, Malaysia",Recyclecology
"""been""","Crescent City, CA, USA",Recyclecology
"""been""","Washington DC, DC, USA",Recyclecology
"""been""","Petaling Jaya, Malaysia",Recyclecology
"""been""","Guangzhou, China",Recyclecology
"""been""","Seoul, South Korea",Recyclecology
"""been""","Los Angeles, CA, USA",Recyclecology
"""been""","Bogota, Colombia",Recyclecology
"""been""","Chicago, IL, USA",Recyclecology
"""been""","La Paz, Bolivia",Recyclecology
"""been""","Galt, CA, USA",Recyclecology
"""been""","Miami Beach, FL, USA",Recyclecology
"""been""","Santiago de los Caballeros, Dominican Republic",Recyclecology
"""been""","Frankfurt, Germany",Recyclecology
"""been""","Turin, Italy",Recyclecology
"""been""","Managua, Nicaragua",Recyclecology
"""been""","San Jose, Costa Rica",Recyclecology
"""been""","Phnom Penh, Cambodia",Recyclecology
"""been""","Buenos Aires, Argentina",Recyclecology
"""been""","San Salvador, El Salvador",Recyclecology
"""been""","Albany, NY, USA",Recyclecology
"""been""","Georgetown, Guyana",Recyclecology
"""been""","Johor Bahru, Malaysia",Recyclecology
"""been""","Las Vegas, NV, USA",Recyclecology
"""been""","Dhaka City, Bangladesh",Recyclecology
"""been""","Milan, Italy",Recyclecology
"""been""","Jakarta, Indonesia",Recyclecology
"""been""","Sao Paulo, Brazil",Recyclecology
"""been""","Davenport, FL, USA",Recyclecology
"""been""","Durham, NC, USA",Recyclecology
"""been""","Eau Claire, WI, USA",Recyclecology
"""been""","Granada, Nicaragua",Recyclecology
